CREATE TABLE helyseg (
  az INT NOT NULL,
  nev VARCHAR(100),
  orszag VARCHAR(100),
  PRIMARY KEY (az));


CREATE TABLE szalloda (
	az varchar(2) NOT NULL,
	nev varchar(100),
    besorolas int,
    helyseg_az int,
    tengerpart_tav int,
    repter_tav int,
    felpanzio varchar(4),    
    PRIMARY KEY (az),
    constraint foreign key FK_szalloda_helyseg (helyseg_az)
		references helyseg (az)
);

create table utak (
	sorszam int not null,
    szalloda_az varchar(2),
    indulas date,
    idotartam int,
    ar int,   
    PRIMARY KEY (sorszam),
    constraint foreign key fk_utak_szalloda (szalloda_az)
		references szalloda (az)    
);
insert into helyseg (az, nev, orszag) values 
  (1, 'Sunny Beach', 'Bulgária'),
	(2, 'Djerba', 'Tunézia'),
	(3, 'Sharm El Sheikh', 'Egyiptom'),
	(4, 'Hurghada', 'Egyiptom'),
	(5, 'Míkonosz', 'Görögország'),
	(6, 'Porecs', 'Horvátország'),
	(7, 'Fethiye', 'Törökország');
	
insert into szalloda(az, nev, besorolas, helyseg_az, tengerpart_tav, repter_tav, felpanzio) values
	('BP', 'Blue Pearl Hotel', 5, 1, 0, 15, 'Igen'),
	('FH', 'Flamingo Hotel', 5, 1, 0, 17, 'Igen'),
	('HL', 'Hotel Longoza', 5, 1, 0, 15, 'Igen'),
	('HP', 'Hotel Pomorie Sun', 3, 1, 0,25, 'Igen'),
	('AR', 'Aeolos Resort', 4, 5, 0,35, 'Igen'),
	('MB', 'Mykonos Bay Resort & Villas',5, 5, 0,35, 'Igen'),
	('ZP', 'Zorna Plava Laguna',4, 6, 0,23, 'Nem'),
	('AH', 'Arwen Hotel',5, 7, 0,34, 'Igen'),
	('CL', 'Charm Life', 3, 4, 0, 33, 'Nem'),
	('CP', 'Cesar Palace', 5, 2, 250, 27, 'Igen'),
	('CW', 'Caribbean World Soma Bay', 5, 4, 0, 55, 'Nem'),
	('CZ', 'Crowne Plaza', 4, 3, 400, 9, 'Igen'),
	('FJ', 'Festival Le Jardin Resort', 4, 4, 0, 17, 'Nem'),
	('HB', 'Lti Holiday Beach Resort', 4, 2, 100, 20, 'Igen'),
	('MD', 'Miramar Djerba', 3, 2, 300, 22, 'Igen'),
	('TA', 'Tropicana Azur', 4, 3, 400, 9, 'Nem');
	
insert into utak(sorszam, szalloda_az, indulas, idotartam, ar) values
(1, 'BP', '2022.01.05', 8, 244900),
(2, 'BP', '2022.01.05', 15, 358900),
(3, 'BP', '2022.01.12', 8, 157900),
(4, 'BP', '2022.01.12', 15, 265900),
(5, 'BP', '2022.01.19', 8, 157900),
(6, 'BP', '2022.01.19', 15, 265900),
(7, 'BP', '2022.01.26', 8, 157900),
(8, 'BP', '2022.01.26', 15, 265900),
(9, 'BP', '2022.02.02', 8, 157900),
(10, 'BP', '2022.02.02', 15, 265900),
(11, 'BP', '2022.02.09', 8, 157900),
(12, 'BP', '2022.02.09', 15, 289900),
(13, 'BP', '2022.02.16', 8, 176900),
(14, 'BP', '2022.02.16', 15, 303900),
(15, 'BP', '2022.02.23', 8, 176900),
(16, 'BP', '2022.02.23', 15, 303900),
(17, 'BP', '2022.03.02', 8, 176900),
(18, 'BP', '2022.03.02', 15, 303900),
(19, 'BP', '2022.03.09', 8, 188900),
(20, 'BP', '2022.03.09', 15, 322900),
(21, 'BP', '2022.03.16', 8, 188900),
(22, 'BP', '2022.03.16', 15, 322900),
(23, 'BP', '2022.03.23', 8, 188900),
(24, 'BP', '2022.03.23', 15, 358900),
(25, 'BP', '2022.03.30', 8, 230900),
(26, 'BP', '2022.03.30', 15, 394900),
(27, 'BP', '2022.04.06', 8, 230900),
(28, 'BP', '2022.04.06', 15, 394900),
(29, 'BP', '2022.04.13', 8, 230900),
(30, 'BP', '2022.04.13', 15, 406900),
(31, 'BP', '2022.04.20', 8, 230900),
(32, 'BP', '2022.04.20', 15, 445900),
(33, 'BP', '2022.04.27', 8, 268900),
(34, 'CL', '2022.01.02', 8, 59900),
(35, 'CL', '2022.01.02', 15, 99900),
(36, 'CL', '2022.01.09', 8, 83900),
(37, 'CL', '2022.01.09', 15, 124900),
(38, 'CL', '2022.01.16', 8, 91900),
(39, 'CL', '2022.01.16', 15, 144900),
(40, 'CL', '2022.01.23', 8, 91900),
(41, 'CL', '2022.01.23', 15, 144900),
(42, 'CL', '2022.01.30', 8, 91900),
(43, 'CL', '2022.01.30', 15, 144900),
(44, 'CL', '2022.02.06', 8, 98900),
(45, 'CL', '2022.02.06', 15, 144900),
(46, 'CL', '2022.02.13', 8, 98900),
(47, 'CL', '2022.02.13', 15, 144900),
(48, 'CL', '2022.02.20', 8, 98900),
(49, 'CL', '2022.02.20', 15, 147900),
(50, 'CL', '2022.02.27', 8, 98900),
(51, 'CL', '2022.02.27', 15, 147900),
(52, 'CL', '2022.03.06', 8, 106900),
(53, 'CL', '2022.03.06', 15, 157900),
(54, 'CL', '2022.03.10', 11, 128900),
(55, 'CL', '2022.03.13', 8, 106900),
(56, 'CL', '2022.03.13', 12, 135900),
(57, 'CL', '2022.03.13', 15, 157900),
(58, 'CL', '2022.03.17', 8, 105900),
(59, 'CL', '2022.03.17', 11, 128900),
(60, 'CL', '2022.03.17', 15, 157900),
(61, 'CL', '2022.03.20', 8, 106900),
(62, 'CL', '2022.03.20', 12, 135900),
(63, 'CL', '2022.03.20', 15, 157900),
(64, 'CL', '2022.03.24', 8, 105900),
(65, 'CL', '2022.03.24', 11, 128900),
(66, 'CL', '2022.03.24', 15, 157900),
(67, 'CL', '2022.03.27', 8, 106900),
(68, 'CL', '2022.03.27', 12, 135900),
(69, 'CL', '2022.03.27', 15, 157900),
(70, 'CL', '2022.03.31', 8, 105900),
(71, 'CL', '2022.03.31', 11, 128900),
(72, 'CL', '2022.03.31', 15, 157900),
(73, 'CL', '2022.04.03', 8, 106900),
(74, 'CL', '2022.04.03', 12, 135900),
(75, 'CL', '2022.04.03', 15, 166900),
(76, 'CL', '2022.04.07', 8, 105900),
(77, 'CL', '2022.04.07', 11, 136900),
(78, 'CL', '2022.04.07', 15, 180900),
(79, 'CL', '2022.04.10', 8, 114900),
(80, 'CL', '2022.04.10', 12, 155900),
(81, 'CL', '2022.04.10', 15, 181900),
(82, 'CL', '2022.04.14', 8, 125900),
(83, 'CL', '2022.04.14', 11, 150900),
(84, 'CL', '2022.04.14', 15, 180900),
(85, 'CL', '2022.04.17', 8, 122900),
(86, 'CL', '2022.04.17', 12, 149900),
(87, 'CL', '2022.04.17', 15, 172900),
(88, 'CL', '2022.04.21', 8, 108900),
(89, 'CL', '2022.04.21', 11, 130900),
(90, 'CL', '2022.04.21', 15, 160900),
(91, 'CL', '2022.04.24', 8, 106900),
(92, 'CL', '2022.04.28', 8, 105900),
(93, 'CP', '2022.01.23', 8, 97900),
(94, 'CP', '2022.01.23', 15, 143900),
(95, 'CP', '2022.01.30', 8, 97900),
(96, 'CP', '2022.01.30', 15, 143900),
(97, 'CP', '2022.02.06', 8, 97900),
(98, 'CP', '2022.02.06', 15, 143900),
(99, 'CP', '2022.02.13', 8, 97900),
(100, 'CP', '2022.02.13', 15, 143900),
(101, 'CP', '2022.02.20', 8, 97900),
(102, 'CP', '2022.02.20', 15, 143900),
(103, 'CP', '2022.02.27', 8, 97900),
(104, 'CP', '2022.02.27', 15, 143900),
(105, 'CP', '2022.03.06', 8, 97900),
(106, 'CP', '2022.03.06', 15, 143900),
(107, 'CP', '2022.03.13', 8, 97900),
(108, 'CP', '2022.03.13', 15, 143900),
(109, 'CP', '2022.03.20', 8, 97900),
(110, 'CP', '2022.03.20', 15, 143900),
(111, 'CP', '2022.03.27', 8, 97900),
(112, 'CP', '2022.03.27', 15, 143900),
(113, 'CP', '2022.04.03', 8, 97900),
(114, 'CP', '2022.04.03', 15, 154900),
(115, 'CP', '2022.04.10', 8, 104900),
(116, 'CP', '2022.04.10', 15, 154900),
(117, 'CP', '2022.04.17', 8, 97900),
(118, 'CP', '2022.04.17', 15, 143900),
(119, 'CP', '2022.04.24', 8, 97900),
(120, 'CW', '2022.01.02', 8, 79900),
(121, 'CW', '2022.01.02', 15, 119900),
(122, 'CW', '2022.01.09', 8, 93900),
(123, 'CW', '2022.01.09', 15, 142900),
(124, 'CW', '2022.01.16', 8, 112900),
(125, 'CW', '2022.01.16', 15, 178900),
(126, 'CW', '2022.01.23', 8, 112900),
(127, 'CW', '2022.01.23', 15, 178900),
(128, 'CW', '2022.01.30', 8, 112900),
(129, 'CW', '2022.01.30', 15, 178900),
(130, 'CW', '2022.02.06', 8, 119900),
(131, 'CW', '2022.02.06', 15, 188900),
(132, 'CW', '2022.02.13', 8, 119900),
(133, 'CW', '2022.02.13', 15, 188900),
(134, 'CW', '2022.02.20', 8, 119900),
(135, 'CW', '2022.02.20', 15, 188900),
(136, 'CW', '2022.02.27', 8, 119900),
(137, 'CW', '2022.02.27', 15, 188900),
(138, 'CW', '2022.03.06', 8, 128900),
(139, 'CW', '2022.03.06', 15, 200900),
(140, 'CW', '2022.03.10', 11, 158900),
(141, 'CW', '2022.03.13', 8, 128900),
(142, 'CW', '2022.03.13', 12, 169900),
(143, 'CW', '2022.03.13', 15, 200900),
(144, 'CW', '2022.03.17', 8, 127900),
(145, 'CW', '2022.03.17', 11, 158900),
(146, 'CW', '2022.03.17', 15, 200900),
(147, 'CW', '2022.03.20', 8, 128900),
(148, 'CW', '2022.03.20', 12, 169900),
(149, 'CW', '2022.03.20', 15, 200900),
(150, 'CW', '2022.03.24', 8, 127900),
(151, 'CW', '2022.03.24', 11, 158900),
(152, 'CW', '2022.03.24', 15, 200900),
(153, 'CW', '2022.03.27', 8, 128900),
(154, 'CW', '2022.03.27', 12, 169900),
(155, 'CW', '2022.03.27', 15, 205900),
(156, 'CW', '2022.03.31', 8, 127900),
(157, 'CW', '2022.03.31', 11, 163900),
(158, 'CW', '2022.03.31', 15, 226900),
(159, 'CW', '2022.04.03', 8, 132900),
(160, 'CW', '2022.04.03', 12, 194900),
(161, 'CW', '2022.04.03', 15, 241900),
(162, 'CW', '2022.04.07', 8, 152900),
(163, 'CW', '2022.04.07', 11, 199900),
(164, 'CW', '2022.04.07', 15, 241900),
(165, 'CW', '2022.04.10', 8, 163900),
(166, 'CW', '2022.04.10', 12, 205900),
(167, 'CW', '2022.04.10', 15, 236900),
(168, 'CW', '2022.04.14', 8, 142900),
(169, 'CW', '2022.04.14', 11, 174900),
(170, 'CW', '2022.04.14', 15, 216900),
(171, 'CW', '2022.04.17', 8, 128900),
(172, 'CW', '2022.04.17', 12, 169900),
(173, 'CW', '2022.04.17', 15, 200900),
(174, 'CW', '2022.04.21', 8, 127900),
(175, 'CW', '2022.04.21', 11, 158900),
(176, 'CW', '2022.04.21', 15, 200900),
(177, 'CW', '2022.04.24', 8, 128900),
(178, 'CW', '2022.04.28', 8, 127900),
(179, 'CZ', '2022.01.05', 8, 59900),
(180, 'CZ', '2022.01.05', 15, 99900),
(181, 'CZ', '2022.01.12', 8, 86900),
(182, 'CZ', '2022.01.12', 15, 130900),
(183, 'CZ', '2022.01.19', 8, 94900),
(184, 'CZ', '2022.01.19', 15, 142900),
(185, 'CZ', '2022.01.26', 8, 94900),
(186, 'CZ', '2022.01.26', 15, 142900),
(187, 'CZ', '2022.02.02', 8, 102900),
(188, 'CZ', '2022.02.02', 15, 151900),
(189, 'CZ', '2022.02.09', 8, 102900),
(190, 'CZ', '2022.02.09', 15, 151900),
(191, 'CZ', '2022.02.16', 8, 102900),
(192, 'CZ', '2022.02.16', 15, 151900),
(193, 'CZ', '2022.02.23', 8, 102900),
(194, 'CZ', '2022.02.23', 15, 157900),
(195, 'CZ', '2022.03.02', 8, 102900),
(196, 'CZ', '2022.03.02', 15, 157900),
(197, 'CZ', '2022.03.09', 8, 109900),
(198, 'CZ', '2022.03.09', 15, 164900),
(199, 'CZ', '2022.03.16', 8, 109900),
(200, 'CZ', '2022.03.16', 15, 164900),
(201, 'CZ', '2022.03.23', 8, 109900),
(202, 'CZ', '2022.03.23', 15, 164900),
(203, 'CZ', '2022.03.30', 8, 109900),
(204, 'CZ', '2022.03.30', 15, 189900),
(205, 'CZ', '2022.04.06', 8, 133900),
(206, 'CZ', '2022.04.06', 15, 207900),
(207, 'CZ', '2022.04.13', 8, 127900),
(208, 'CZ', '2022.04.13', 15, 183900),
(209, 'CZ', '2022.04.20', 8, 109900),
(210, 'CZ', '2022.04.20', 15, 164900),
(211, 'CZ', '2022.04.27', 8, 109900),
(212, 'FJ', '2022.01.02', 8, 69900),
(213, 'FJ', '2022.01.02', 15, 89900),
(214, 'FJ', '2022.01.09', 8, 88900),
(215, 'FJ', '2022.01.09', 15, 122900),
(216, 'FJ', '2022.01.16', 8, 96900),
(217, 'FJ', '2022.01.16', 15, 133900),
(218, 'FJ', '2022.01.23', 8, 96900),
(219, 'FJ', '2022.01.23', 15, 133900),
(220, 'FJ', '2022.01.30', 8, 96900),
(221, 'FJ', '2022.01.30', 15, 133900),
(222, 'FJ', '2022.02.06', 8, 100900),
(223, 'FJ', '2022.02.06', 15, 150900),
(224, 'FJ', '2022.02.13', 8, 100900),
(225, 'FJ', '2022.02.13', 15, 150900),
(226, 'FJ', '2022.02.20', 8, 100900),
(227, 'FJ', '2022.02.20', 15, 154900),
(228, 'FJ', '2022.02.27', 8, 102900),
(229, 'FJ', '2022.02.27', 15, 154900),
(230, 'FJ', '2022.03.06', 8, 109900),
(231, 'FJ', '2022.03.06', 15, 165900),
(232, 'FJ', '2022.03.10', 11, 133900),
(233, 'FJ', '2022.03.13', 8, 109900),
(234, 'FJ', '2022.03.13', 12, 143900),
(235, 'FJ', '2022.03.13', 15, 165900),
(236, 'FJ', '2022.03.17', 8, 109900),
(237, 'FJ', '2022.03.17', 11, 133900),
(238, 'FJ', '2022.03.17', 15, 165900),
(239, 'FJ', '2022.03.20', 8, 109900),
(240, 'FJ', '2022.03.20', 12, 143900),
(241, 'FJ', '2022.03.20', 15, 165900),
(242, 'FJ', '2022.03.24', 8, 109900),
(243, 'FJ', '2022.03.24', 11, 133900),
(244, 'FJ', '2022.03.24', 15, 165900),
(245, 'FJ', '2022.03.27', 8, 109900),
(246, 'FJ', '2022.03.27', 12, 143900),
(247, 'FJ', '2022.03.27', 15, 165900),
(248, 'FJ', '2022.03.31', 8, 109900),
(249, 'FJ', '2022.03.31', 11, 133900),
(250, 'FJ', '2022.03.31', 15, 167900),
(251, 'FJ', '2022.04.03', 8, 109900),
(252, 'FJ', '2022.04.03', 12, 143900),
(253, 'FJ', '2022.04.03', 15, 172900),
(254, 'FJ', '2022.04.07', 8, 111900),
(255, 'FJ', '2022.04.07', 11, 140900),
(256, 'FJ', '2022.04.07', 15, 178900),
(257, 'FJ', '2022.04.10', 8, 119900),
(258, 'FJ', '2022.04.10', 12, 154900),
(259, 'FJ', '2022.04.10', 15, 178900),
(260, 'FJ', '2022.04.14', 8, 121900),
(261, 'FJ', '2022.04.14', 11, 145900),
(262, 'FJ', '2022.04.14', 15, 178900),
(263, 'FJ', '2022.04.17', 8, 119900),
(264, 'FJ', '2022.04.17', 12, 148900),
(265, 'FJ', '2022.04.17', 15, 172900),
(266, 'FJ', '2022.04.21', 8, 109900),
(267, 'FJ', '2022.04.21', 11, 133900),
(268, 'FJ', '2022.04.21', 15, 165900),
(269, 'FJ', '2022.04.24', 8, 109900),
(270, 'FJ', '2022.04.28', 8, 109900),
(271, 'HB', '2022.01.23', 8, 84900),
(272, 'HB', '2022.01.23', 15, 116900),
(273, 'HB', '2022.01.30', 8, 84900),
(274, 'HB', '2022.01.30', 15, 116900),
(275, 'HB', '2022.02.06', 8, 84900),
(276, 'HB', '2022.02.06', 15, 116900),
(277, 'HB', '2022.02.13', 8, 84900),
(278, 'HB', '2022.02.13', 15, 116900),
(279, 'HB', '2022.02.20', 8, 84900),
(280, 'HB', '2022.02.20', 15, 116900),
(281, 'HB', '2022.02.27', 8, 84900),
(282, 'HB', '2022.02.27', 15, 116900),
(283, 'HB', '2022.03.06', 8, 84900),
(284, 'HB', '2022.03.06', 15, 116900),
(285, 'HB', '2022.03.13', 8, 84900),
(286, 'HB', '2022.03.13', 15, 116900),
(287, 'HB', '2022.03.20', 8, 84900),
(288, 'HB', '2022.03.20', 15, 116900),
(289, 'HB', '2022.03.27', 8, 84900),
(290, 'HB', '2022.03.27', 15, 116900),
(291, 'HB', '2022.04.03', 8, 84900),
(292, 'HB', '2022.04.03', 15, 126900),
(293, 'HB', '2022.04.10', 8, 90900),
(294, 'HB', '2022.04.10', 15, 126900),
(295, 'HB', '2022.04.17', 8, 84900),
(296, 'HB', '2022.04.17', 15, 116900),
(297, 'HB', '2022.04.24', 8, 84900),
(298, 'MB', '2022.01.02', 8, 70900),
(299, 'MB', '2022.01.02', 15, 89900),
(300, 'MB', '2022.01.09', 8, 37900),
(301, 'MB', '2022.01.09', 15, 53900),
(302, 'MB', '2022.01.16', 8, 37900),
(303, 'MB', '2022.01.16', 15, 53900),
(304, 'MB', '2022.01.23', 8, 37900),
(305, 'MB', '2022.01.23', 15, 53900),
(306, 'MB', '2022.01.30', 8, 37900),
(307, 'MB', '2022.01.30', 15, 53900),
(308, 'MB', '2022.02.06', 8, 37900),
(309, 'MB', '2022.02.06', 15, 53900),
(310, 'MB', '2022.02.13', 8, 37900),
(311, 'MB', '2022.02.13', 15, 53900),
(312, 'MB', '2022.02.20', 8, 37900),
(313, 'MB', '2022.02.20', 15, 53900),
(314, 'MB', '2022.02.27', 8, 37900),
(315, 'MB', '2022.02.27', 15, 53900),
(316, 'MB', '2022.03.06', 8, 69900),
(317, 'MB', '2022.03.06', 15, 88900),
(318, 'MB', '2022.03.13', 8, 69900),
(319, 'MB', '2022.03.13', 15, 88900),
(320, 'MB', '2022.03.20', 8, 69900),
(321, 'MB', '2022.03.20', 15, 88900),
(322, 'MB', '2022.03.27', 8, 69900),
(323, 'MB', '2022.03.27', 15, 88900),
(324, 'MB', '2022.04.03', 8, 69900),
(325, 'MB', '2022.04.03', 15, 95900),
(326, 'MB', '2022.04.10', 8, 75900),
(327, 'MB', '2022.04.10', 15, 95900),
(328, 'MB', '2022.04.17', 8, 69900),
(329, 'MB', '2022.04.17', 15, 88900),
(330, 'MB', '2022.04.24', 8, 69900),
(331, 'MD', '2022.01.23', 8, 70900),
(332, 'MD', '2022.01.23', 15, 90900),
(333, 'MD', '2022.01.30', 8, 70900),
(334, 'MD', '2022.01.30', 15, 90900),
(335, 'MD', '2022.02.06', 8, 70900),
(336, 'MD', '2022.02.06', 15, 90900),
(337, 'MD', '2022.02.13', 8, 70900),
(338, 'MD', '2022.02.13', 15, 90900),
(339, 'MD', '2022.02.20', 8, 70900),
(340, 'MD', '2022.02.20', 15, 90900),
(341, 'MD', '2022.02.27', 8, 70900),
(342, 'MD', '2022.02.27', 15, 90900),
(343, 'MD', '2022.03.06', 8, 70900),
(344, 'MD', '2022.03.06', 15, 90900),
(345, 'MD', '2022.03.13', 8, 70900),
(346, 'MD', '2022.03.13', 15, 90900),
(347, 'MD', '2022.03.20', 8, 70900),
(348, 'MD', '2022.03.20', 15, 90900),
(349, 'MD', '2022.03.27', 8, 70900),
(350, 'MD', '2022.03.27', 15, 90900),
(351, 'MD', '2022.04.03', 8, 70900),
(352, 'MD', '2022.04.03', 15, 97900),
(353, 'MD', '2022.04.10', 8, 76900),
(354, 'MD', '2022.04.10', 15, 97900),
(355, 'MD', '2022.04.17', 8, 70900),
(356, 'MD', '2022.04.17', 15, 90900),
(357, 'MD', '2022.04.24', 8, 70900),
(358, 'TA', '2022.01.05', 8, 69900),
(359, 'TA', '2022.01.05', 15, 119900),
(360, 'TA', '2022.01.12', 8, 97900),
(361, 'TA', '2022.01.12', 15, 147900),
(362, 'TA', '2022.01.19', 8, 100900),
(363, 'TA', '2022.01.19', 15, 155900),
(364, 'TA', '2022.01.26', 8, 100900),
(365, 'TA', '2022.01.26', 15, 155900),
(366, 'TA', '2022.02.02', 8, 107900),
(367, 'TA', '2022.02.02', 15, 164900),
(368, 'TA', '2022.02.09', 8, 107900),
(369, 'TA', '2022.02.09', 15, 164900),
(370, 'TA', '2022.02.16', 8, 107900),
(371, 'TA', '2022.02.16', 15, 164900),
(372, 'TA', '2022.02.23', 8, 107900),
(373, 'TA', '2022.02.23', 15, 164900),
(374, 'TA', '2022.03.02', 8, 107900),
(375, 'TA', '2022.03.02', 15, 171900),
(376, 'TA', '2022.03.09', 8, 125900),
(377, 'TA', '2022.03.09', 15, 194900),
(378, 'TA', '2022.03.16', 8, 125900),
(379, 'TA', '2022.03.16', 15, 200900),
(380, 'TA', '2022.03.23', 8, 129900),
(381, 'TA', '2022.03.23', 15, 209900),
(382, 'TA', '2022.03.30', 8, 134900),
(383, 'TA', '2022.03.30', 15, 230900),
(384, 'TA', '2022.04.06', 8, 149900),
(385, 'TA', '2022.04.06', 15, 253900),
(386, 'TA', '2022.04.13', 8, 157900),
(387, 'TA', '2022.04.13', 15, 230900),
(388, 'TA', '2022.04.20', 8, 125900),
(389, 'TA', '2022.04.20', 15, 200900),
(390, 'TA', '2022.04.27', 8, 125900),
(391, 'FH', '2022.01.23', 8, 85900),
(392, 'FH', '2022.01.23', 15, 115900),
(393, 'FH', '2022.01.30', 8, 85900),
(394, 'FH', '2022.01.30', 15, 115900),
(395, 'FH', '2022.02.06', 8, 85900),
(396, 'FH', '2022.02.06', 15, 115900),
(397, 'FH', '2022.02.13', 8, 85900),
(398, 'FH', '2022.02.13', 15, 115900),
(399, 'FH', '2022.02.20', 8, 85900),
(400, 'FH', '2022.02.20', 15, 115900),
(401, 'FH', '2022.02.27', 8, 85900),
(402, 'FH', '2022.02.27', 15, 115900),
(403, 'FH', '2022.03.06', 8, 85900),
(404, 'FH', '2022.03.06', 15, 115900),
(405, 'FH', '2022.03.13', 8, 85900),
(406, 'FH', '2022.03.13', 15, 115900),
(407, 'FH', '2022.03.20', 8, 85900),
(408, 'FH', '2022.03.20', 15, 115900),
(409, 'FH', '2022.03.27', 8, 85900),
(410, 'FH', '2022.03.27', 15, 115900),
(411, 'FH', '2022.04.03', 8, 85900),
(412, 'FH', '2022.04.03', 15, 97900),
(413, 'FH', '2022.04.10', 8, 76900),
(414, 'FH', '2022.04.10', 15, 97900),
(415, 'FH', '2022.04.17', 8, 85900),
(416, 'FH', '2022.04.17', 15, 115900),
(417, 'FH', '2022.04.24', 8, 85900),
(418, 'HL', '2022.01.02', 8, 70900),
(419, 'HL', '2022.01.02', 15, 89900),
(420, 'HL', '2022.01.09', 8, 45900),
(421, 'HL', '2022.01.09', 15, 62900),
(422, 'HL', '2022.01.16', 8, 45900),
(423, 'HL', '2022.01.16', 15, 62900),
(424, 'HL', '2022.01.23', 8, 45900),
(425, 'HL', '2022.01.23', 15, 62900),
(426, 'HL', '2022.01.30', 8, 45900),
(427, 'HL', '2022.01.30', 15, 62900),
(428, 'HL', '2022.02.06', 8, 45900),
(429, 'HL', '2022.02.06', 15, 62900),
(430, 'HL', '2022.02.13', 8, 45900),
(431, 'HL', '2022.02.13', 15, 62900),
(432, 'HL', '2022.02.20', 8, 45900),
(433, 'HL', '2022.02.20', 15, 62900),
(434, 'HL', '2022.02.27', 8, 45900),
(435, 'HL', '2022.02.27', 15, 62900),
(436, 'HL', '2022.03.06', 8, 71900),
(437, 'HL', '2022.03.06', 15, 88900),
(438, 'HL', '2022.03.13', 8, 71900),
(439, 'HL', '2022.03.13', 15, 88900),
(440, 'HL', '2022.03.20', 8, 71900),
(441, 'HL', '2022.03.20', 15, 88900),
(442, 'HL', '2022.03.27', 8, 71900),
(443, 'HL', '2022.03.27', 15, 88900),
(444, 'HL', '2022.04.03', 8, 71900),
(445, 'HL', '2022.04.03', 15, 97900),
(446, 'HL', '2022.04.10', 8, 75900),
(447, 'HL', '2022.04.10', 15, 97900),
(448, 'HL', '2022.04.17', 8, 71900),
(449, 'HL', '2022.04.17', 15, 88900),
(450, 'HL', '2022.04.24', 8, 71900),
(451, 'HP', '2022.01.02', 8, 38900),
(452, 'HP', '2022.01.02', 15, 54900),
(453, 'HP', '2022.01.09', 8, 39900),
(454, 'HP', '2022.01.09', 15, 54900),
(455, 'HP', '2022.01.16', 8, 39900),
(456, 'HP', '2022.01.16', 15, 54900),
(457, 'HP', '2022.01.23', 8, 39900),
(458, 'HP', '2022.01.23', 15, 54900),
(459, 'HP', '2022.01.30', 8, 39900),
(460, 'HP', '2022.01.30', 15, 54900),
(461, 'HP', '2022.02.06', 8, 39900),
(462, 'HP', '2022.02.06', 15, 54900),
(463, 'HP', '2022.02.13', 8, 39900),
(464, 'HP', '2022.02.13', 15, 54900),
(465, 'HP', '2022.02.20', 8, 39900),
(466, 'HP', '2022.02.20', 15, 54900),
(467, 'HP', '2022.02.27', 8, 39900),
(468, 'HP', '2022.02.27', 15, 54900),
(469, 'HP', '2022.03.06', 8, 71900),
(470, 'HP', '2022.03.06', 15, 92900),
(471, 'HP', '2022.03.13', 8, 71900),
(472, 'HP', '2022.03.13', 15, 92900),
(473, 'HP', '2022.03.20', 8, 71900),
(474, 'HP', '2022.03.20', 15, 92900),
(475, 'HP', '2022.03.27', 8, 71900),
(476, 'HP', '2022.03.27', 15, 92900),
(477, 'HP', '2022.04.03', 8, 71900),
(478, 'HP', '2022.04.03', 15, 97900),
(479, 'HP', '2022.04.10', 8, 76900),
(480, 'HP', '2022.04.10', 15, 97900),
(481, 'HP', '2022.04.17', 8, 71900),
(482, 'HP', '2022.04.17', 15, 92900),
(483, 'HP', '2022.04.24', 8, 71900),
(484, 'AR', '2022.01.05', 8, 59900),
(485, 'AR', '2022.01.05', 15, 99900),
(486, 'AR', '2022.01.12', 8, 86900),
(487, 'AR', '2022.01.12', 15, 130900),
(488, 'AR', '2022.01.19', 8, 94900),
(489, 'AR', '2022.01.19', 15, 142900),
(490, 'AR', '2022.01.26', 8, 94900),
(491, 'AR', '2022.01.26', 15, 142900),
(492, 'AR', '2022.02.02', 8, 102900),
(493, 'AR', '2022.02.02', 15, 151900),
(494, 'AR', '2022.02.09', 8, 102900),
(495, 'AR', '2022.02.09', 15, 151900),
(496, 'AR', '2022.02.16', 8, 102900),
(497, 'AR', '2022.02.16', 15, 151900),
(498, 'AR', '2022.02.23', 8, 102900),
(499, 'AR', '2022.02.23', 15, 157900),
(500, 'AR', '2022.03.02', 8, 102900),
(501, 'AR', '2022.03.02', 15, 157900),
(502, 'AR', '2022.03.09', 8, 109900),
(503, 'AR', '2022.03.09', 15, 164900),
(504, 'AR', '2022.03.16', 8, 109900),
(505, 'AR', '2022.03.16', 15, 164900),
(506, 'AR', '2022.03.23', 8, 109900),
(507, 'AR', '2022.03.23', 15, 164900),
(508, 'AR', '2022.03.30', 8, 109900),
(509, 'AR', '2022.03.30', 15, 189900),
(510, 'AR', '2022.04.06', 8, 133900),
(511, 'AR', '2022.04.06', 15, 207900),
(512, 'AR', '2022.04.13', 8, 127900),
(513, 'AR', '2022.04.13', 15, 183900),
(514, 'AR', '2022.04.20', 8, 109900),
(515, 'AR', '2022.04.20', 15, 164900),
(516, 'AR', '2022.04.27', 8, 109900),
(517, 'MB', '2022.01.02', 8, 59900),
(518, 'MB', '2022.01.02', 15, 99900),
(519, 'MB', '2022.01.09', 8, 83900),
(520, 'MB', '2022.01.09', 15, 124900),
(521, 'MB', '2022.01.16', 8, 91900),
(522, 'MB', '2022.01.16', 15, 144900),
(523, 'MB', '2022.01.23', 8, 91900),
(524, 'MB', '2022.01.23', 15, 144900),
(525, 'MB', '2022.01.30', 8, 91900),
(526, 'MB', '2022.01.30', 15, 144900),
(527, 'MB', '2022.02.06', 8, 98900),
(528, 'MB', '2022.02.06', 15, 144900),
(529, 'MB', '2022.02.13', 8, 98900),
(530, 'MB', '2022.02.13', 15, 144900),
(531, 'MB', '2022.02.20', 8, 98900),
(532, 'MB', '2022.02.20', 15, 147900),
(533, 'MB', '2022.02.27', 8, 98900),
(534, 'MB', '2022.02.27', 15, 147900),
(535, 'MB', '2022.03.06', 8, 106900),
(536, 'MB', '2022.03.06', 15, 162900),
(537, 'MB', '2022.03.10', 11, 128900),
(538, 'MB', '2022.03.13', 8, 106900),
(539, 'MB', '2022.03.13', 12, 135900),
(540, 'MB', '2022.03.13', 15, 162900),
(541, 'MB', '2022.03.17', 8, 105900),
(542, 'MB', '2022.03.17', 11, 128900),
(543, 'MB', '2022.03.17', 15, 162900),
(544, 'MB', '2022.03.20', 8, 106900),
(545, 'MB', '2022.03.20', 12, 135900),
(546, 'MB', '2022.03.20', 15, 162900),
(547, 'MB', '2022.03.24', 8, 105900),
(548, 'MB', '2022.03.24', 11, 128900),
(549, 'MB', '2022.03.24', 15, 162900),
(550, 'MB', '2022.03.27', 8, 106900),
(551, 'MB', '2022.03.27', 12, 135900),
(552, 'MB', '2022.03.27', 15, 162900),
(553, 'MB', '2022.03.31', 8, 105900),
(554, 'MB', '2022.03.31', 11, 128900),
(555, 'MB', '2022.03.31', 15, 162900),
(556, 'MB', '2022.04.03', 8, 106900),
(557, 'MB', '2022.04.03', 12, 135900),
(558, 'MB', '2022.04.03', 15, 166900),
(559, 'ZP', '2022.01.02', 8, 79900),
(560, 'ZP', '2022.01.02', 15, 119900),
(561, 'ZP', '2022.01.09', 8, 93900),
(562, 'ZP', '2022.01.09', 15, 142900),
(563, 'ZP', '2022.01.16', 8, 112900),
(564, 'ZP', '2022.01.16', 15, 178900),
(565, 'ZP', '2022.01.23', 8, 112900),
(566, 'ZP', '2022.01.23', 15, 178900),
(567, 'ZP', '2022.01.30', 8, 112900),
(568, 'ZP', '2022.01.30', 15, 178900),
(569, 'ZP', '2022.02.06', 8, 119900),
(570, 'ZP', '2022.02.06', 15, 188900),
(571, 'ZP', '2022.02.13', 8, 119900),
(572, 'ZP', '2022.02.13', 15, 188900),
(573, 'ZP', '2022.02.20', 8, 119900),
(574, 'ZP', '2022.02.20', 15, 188900),
(575, 'ZP', '2022.02.27', 8, 119900),
(576, 'ZP', '2022.02.27', 15, 188900),
(577, 'ZP', '2022.03.06', 8, 128900),
(578, 'ZP', '2022.03.06', 15, 200900),
(579, 'ZP', '2022.03.10', 11, 158900),
(580, 'ZP', '2022.03.13', 8, 128900),
(581, 'ZP', '2022.03.13', 12, 169900),
(582, 'ZP', '2022.03.13', 15, 200900),
(583, 'ZP', '2022.03.17', 8, 127900),
(584, 'ZP', '2022.03.17', 11, 158900),
(585, 'ZP', '2022.03.17', 15, 200900),
(586, 'ZP', '2022.03.20', 8, 128900),
(587, 'ZP', '2022.03.20', 12, 169900),
(588, 'ZP', '2022.03.20', 15, 200900),
(589, 'ZP', '2022.03.24', 8, 127900),
(590, 'ZP', '2022.03.24', 11, 158900),
(591, 'ZP', '2022.03.24', 15, 200900),
(592, 'ZP', '2022.03.27', 8, 128900),
(593, 'ZP', '2022.03.27', 12, 169900),
(594, 'ZP', '2022.03.27', 15, 205900),
(595, 'ZP', '2022.03.31', 8, 127900),
(596, 'ZP', '2022.03.31', 11, 163900),
(597, 'ZP', '2022.03.31', 15, 226900),
(598, 'AH', '2022.02.16', 8, 176900),
(599, 'AH', '2022.02.16', 15, 303900),
(600, 'AH', '2022.02.23', 8, 176900),
(601, 'AH', '2022.02.23', 15, 303900),
(602, 'AH', '2022.03.02', 8, 176900),
(603, 'AH', '2022.03.02', 15, 303900),
(604, 'AH', '2022.03.09', 8, 188900),
(605, 'AH', '2022.03.09', 15, 322900),
(606, 'AH', '2022.03.16', 8, 188900),
(607, 'AH', '2022.03.16', 15, 322900),
(608, 'AH', '2022.03.23', 8, 188900),
(609, 'AH', '2022.03.23', 15, 358900),
(610, 'AH', '2022.03.30', 8, 230900),
(611, 'AH', '2022.03.30', 15, 394900);
